{
  "parent": "block/block",
  "textures": {
    "particle": "#particles"
  },
  "elements": [
    {
      "from": [ 1, 0, 1 ],
      "to": [ 15, 10, 15 ],
      "faces": {
        "down": { "texture": "#chest", "uv": [ 3.5, 4.75, 7, 8.25 ], "rotation": 180 },
        "north": { "texture": "#chest", "uv": [ 10.5, 8.25, 14, 10.75 ], "rotation": 180 },
        "east": { "texture": "#chest", "uv": [ 0, 8.25, 3.5, 10.75 ], "rotation": 180 },
        "south": { "texture": "#chest", "uv": [ 3.5, 8.25, 7, 10.75 ], "rotation": 180 },
        "west": { "texture": "#chest", "uv": [ 7, 8.25, 10.5, 10.75 ], "rotation": 180 }
      }
    },
    {
      "from": [ 1, 10, 1 ],
      "to": [ 15, 14, 15 ],
      "faces": {
        "up": { "texture": "#chest", "uv": [ 10.5, 0, 7, 3.5 ] },
        "north": { "texture": "#chest", "uv": [ 10.5, 3.75, 14, 4.75 ], "rotation": 180 },
        "east": { "texture": "#chest", "uv": [ 0, 3.75, 3.5, 4.75 ], "rotation": 180 },
        "south": { "texture": "#chest", "uv": [ 3.5, 3.75, 7, 4.75 ], "rotation": 180 },
        "west": { "texture": "#chest", "uv": [ 7, 3.75, 10.5, 4.75 ], "rotation": 180 }
      }
    },
    {
      "from": [ 7, 7, 0 ],
      "to": [ 9, 11, 1],
      "faces": {
        "down": { "texture": "#chest", "uv": [ 0.25, 0, 0.75, 0.25 ], "rotation": 180 },
        "up": { "texture": "#chest", "uv": [ 0.75, 0, 1.25, 0.25 ], "rotation": 180 },
        "north": { "texture": "#chest", "uv": [ 1, 0.25, 1.5, 1.25 ], "rotation": 180 },
        "west": { "texture": "#chest", "uv": [ 0.75, 0.25, 1, 1.25 ], "rotation": 180 },
        "east": { "texture": "#chest", "uv": [ 0, 0.25, 0.25, 1.25 ], "rotation": 180 }
      }
    }
  ]
}
